{
  "beehemothTriggersWrath": false,
  "allowWrathOfTheHiveOutsideBumblezone": false,
  "showWrathOfTheHiveParticles": true,
  "aggressiveBees": true,
  "aggressionTriggerRadius": 64,
  "howLongWrathOfTheHiveLasts": 1680,
  "howLongProtectionOfTheHiveLasts": 1680,
  "speedBoostLevel": 2,
  "absorptionBoostLevel": 1,
  "strengthBoostLevel": 1,
  "dispensersDropGlassBottles": false,
  "broodBlocksBeeSpawnCapacity": 40,
  "pileOfPollenHyperFireSpread": false,
  "superCandlesBurnsMobs": true,
  "crystallineFlowerConsumeItemEntities": true,
  "crystallineFlowerConsumeExperienceOrbEntities": true,
  "crystallineFlowerConsumeExperienceUI": true,
  "crystallineFlowerConsumeItemUI": true,
  "crystallineFlowerEnchantingPowerAllowedPerTier": 8,
  "crystallineFlowerExtraTierCost": 0,
  "crystallineFlowerExtraXpNeededForTiers": 0,
  "keepEssenceOfTheBeesOnRespawning": true,
  "repeatableEssenceEvents": true,
  "cosmicCrystalHealth": 60,
  "ragingEssenceAbilityUse": 5,
  "ragingEssenceCooldown": 48000,
  "knowingEssenceAbilityUse": 1200,
  "knowingEssenceCooldown": 18000,
  "knowingEssenceStructureNameServer": true,
  "calmingEssenceAbilityUse": 600,
  "calmingEssenceCooldown": 12000,
  "lifeEssenceAbilityUse": 1000,
  "lifeEssenceCooldown": 12000,
  "radianceEssenceAbilityUse": 4800,
  "radianceEssenceCooldown": 12000,
  "continuityEssenceCooldown": 48000,
  "fogBrightnessPercentage": 110.0,
  "fogThickness": 4.0,
  "enableDimensionFog": true,
  "onlyOverworldHivesTeleports": false,
  "forceExitToOverworld": false,
  "warnPlayersOfWrongBlockUnderHive": true,
  "enableExitTeleportation": true,
  "enableEntranceTeleportation": true,
  "forceBumblezoneOriginMobToOverworldCenter": true,
  "defaultDimension": "minecraft:overworld",
  "beeDungeonRarity": 1,
  "spiderInfestedBeeDungeonRarity": 8,
  "spawnerRateSpiderBeeDungeon": 0.2,
  "glisteringHoneyBrewingRecipe": true,
  "beeStingerBrewingRecipe": true,
  "beeSoupBrewingRecipe": true,
  "variantBeeTypes": [
    "redtail_bee",
    "green_bee",
    "blue_bee",
    "white_bee",
    "ukraine_bee",
    "trans_bee",
    "asexual_bee",
    "agender_bee",
    "aroace_bee",
    "aromantic_bee",
    "bisexual_bee",
    "pan_bee",
    "enby_bee",
    "reverse_bee",
    "neapolitan_bee"
  ],
  "beehemothSpeed": 0.95,
  "beehemothFriendlyFire": true,
  "beeQueenBonusTradeRewardMultiplier": 3,
  "beeQueenBonusTradeDurationInTicks": 24000,
  "beeQueenBonusTradeAmountTillSatified": 24,
  "specialBeeSpawning": true,
  "beeLootInjection": true,
  "moddedBeeLootInjection": true,
  "nearbyBeesPerPlayerInBz": 25,
  "musicDiscTimeLengthFlightOfTheBumblebee": 84,
  "musicDiscTimeLengthHoneyBee": 216,
  "musicDiscTimeLengthLaBeeDaLoca": 176,
  "musicDiscTimeLengthBeeLaxingWithTheHomBees": 300,
  "musicDiscTimeLengthBeeWareOfTheTemple": 371,
  "musicDiscTimeLengthKnowing": 251,
  "musicDiscTimeLengthRadiance": 106,
  "musicDiscTimeLengthLife": 86,
  "allowFriendsAndFoesBeekeeperTradesCompat": true,
  "allowGoodallBottledBeesRevivingEmptyBroodBlock": true,
  "playWrathOfHiveEffectMusic": true,
  "playSempiternalSanctumMusic": true,
  "renderBeeQueenBonusTradeItem": true,
  "knowingEssenceHighlightBosses": true,
  "knowingEssenceHighlightMonsters": true,
  "knowingEssenceHighlightTamed": true,
  "knowingEssenceHighlightLivingEntities": true,
  "knowingEssenceHighlightCommonItems": true,
  "knowingEssenceHighlightUncommonItems": true,
  "knowingEssenceHighlightRareItems": true,
  "knowingEssenceHighlightEpicItems": true,
  "knowingEssenceStructureNameClient": true,
  "knowingEssenceStructureNameXCoord": 4,
  "knowingEssenceStructureNameYCoord": 16,
  "radianceEssenceArmorDurability": true,
  "radianceEssenceArmorDurabilityXCoord": 4,
  "radianceEssenceArmorDurabilityYCoord": 16
}